Scope,Example,Sequence,Detector,Tracker,Frames,GroundTruthCount,PredictionCount,Matches,MOTA,MOTP,IDF1,FAF,MT,ML,FP,FN,IDSW,Frag
sequence,MOT17-02,MOT17-02-DPM,DPM,Naive IoU,600,30003,10913,5392,-0.0205312802053128,0.737553183581108,0.12200606119855313,9.201666666666666,6,57,5521,24611,487,727
sequence,MOT17-02,MOT17-02-DPM,DPM,SORT,600,30003,10917,6667,0.06666000066660001,0.7318880236243154,0.13636363636363635,7.083333333333333,8,52,4250,23336,417,349
sequence,MOT17-02,MOT17-02-FRCNN,FRCNN,Naive IoU,600,30003,9279,7767,0.20307969203079693,0.8810503004956115,0.2734585815386182,2.52,7,46,1512,22236,162,251
sequence,MOT17-02,MOT17-02-FRCNN,FRCNN,SORT,600,30003,9302,8285,0.23667633236676333,0.8686623747574079,0.27965907645337745,1.695,7,43,1017,21718,167,186
sequence,MOT17-02,MOT17-02-SDP,SDP,Naive IoU,600,30003,15473,10956,0.1952804719528047,0.8061066521456627,0.2798838948016536,7.528333333333333,9,30,4517,19047,580,1402
sequence,MOT17-02,MOT17-02-SDP,SDP,SORT,600,30003,15498,12910,0.32643402326434023,0.7990721373987622,0.2872903892222149,4.3133333333333335,14,24,2588,17093,528,775
sequence,MOT17-04,MOT17-04-DPM,DPM,Naive IoU,1050,108005,59957,24523,-0.1111985556224249,0.7636585471055151,0.16122694418975722,33.74666666666667,10,85,35434,83482,1099,1903
sequence,MOT17-04,MOT17-04-DPM,DPM,SORT,1050,108005,60117,27626,-0.05344197027915374,0.7600529266495444,0.14365758199402814,30.943809523809524,12,80,32491,80379,907,855
sequence,MOT17-04,MOT17-04-FRCNN,FRCNN,Naive IoU,1050,108005,29181,28317,0.25333086431183743,0.8987133561753047,0.3302523581123438,0.8228571428571428,19,81,864,79688,92,169
sequence,MOT17-04,MOT17-04-FRCNN,FRCNN,SORT,1050,108005,29184,28889,0.26391370769871764,0.8951574387855394,0.33292756707899324,0.28095238095238095,19,81,295,79116,90,105
sequence,MOT17-04,MOT17-04-SDP,SDP,Naive IoU,1050,108005,39090,37097,0.321753622517476,0.8494956208681486,0.3820932050715524,1.898095238095238,41,68,1993,70908,353,1397
sequence,MOT17-04,MOT17-04-SDP,SDP,SORT,1050,108005,39070,38566,0.3497615851118004,0.856290638370884,0.38360020397756245,0.48,46,66,504,69439,286,668
sequence,MOT17-05,MOT17-05-DPM,DPM,Naive IoU,837,8013,7536,3037,-0.22613253463122426,0.7530440500961015,0.23088301498488648,5.375149342891278,13,71,4499,4976,350,280
sequence,MOT17-05,MOT17-05-DPM,DPM,SORT,837,8013,7510,3586,-0.08423811306626731,0.7445753735442876,0.2480190684790311,4.688172043010753,26,60,3924,4427,337,199
sequence,MOT17-05,MOT17-05-FRCNN,FRCNN,Naive IoU,837,8013,4796,3712,0.3153625358791963,0.8367645675625054,0.461394332110235,1.2951015531660692,28,64,1084,4301,101,110
sequence,MOT17-05,MOT17-05-FRCNN,FRCNN,SORT,837,8013,4752,4022,0.3997254461500062,0.8265410121483983,0.5173521347434391,0.8721624850657109,33,58,730,3991,89,91
sequence,MOT17-05,MOT17-05-SDP,SDP,Naive IoU,837,8013,6522,4540,0.29177586422064145,0.8395542539196655,0.48173374613003095,2.3679808841099166,37,32,1982,3473,220,303
sequence,MOT17-05,MOT17-05-SDP,SDP,SORT,837,8013,6435,5051,0.4345438662173967,0.8315936671433499,0.5229789590254706,1.6535244922341696,50,31,1384,2962,185,177
sequence,MOT17-09,MOT17-09-DPM,DPM,Naive IoU,525,10411,8918,4228,-0.09278647584285851,0.7304490020969141,0.18417921258213046,8.933333333333334,5,34,4690,6183,504,395
sequence,MOT17-09,MOT17-09-DPM,DPM,SORT,525,10411,8871,4873,0.04005378926135818,0.7240806625178973,0.19230370293538016,7.615238095238095,8,23,3998,5538,458,263
sequence,MOT17-09,MOT17-09-FRCNN,FRCNN,Naive IoU,525,10411,3304,3026,0.26068581308231675,0.910195687891311,0.31104629967189207,0.5295238095238095,7,40,278,7385,34,51
sequence,MOT17-09,MOT17-09-FRCNN,FRCNN,SORT,525,10411,3309,3218,0.29689751224666217,0.9005319611955147,0.31997084548104954,0.17333333333333334,8,40,91,7193,36,36
sequence,MOT17-09,MOT17-09-SDP,SDP,Naive IoU,525,10411,4225,3583,0.27182787436365385,0.8540232743667098,0.2935228204427439,1.2228571428571429,8,39,642,6828,111,252
sequence,MOT17-09,MOT17-09-SDP,SDP,SORT,525,10411,4253,4036,0.35721832676976273,0.852077736134495,0.34206219312602293,0.41333333333333333,13,37,217,6375,100,130
sequence,MOT17-10,MOT17-10-DPM,DPM,Naive IoU,654,17450,15539,5710,-0.26578796561604584,0.7410534776832041,0.15605201733911303,15.029051987767584,8,39,9829,11740,519,752
sequence,MOT17-10,MOT17-10-DPM,DPM,SORT,654,17450,15484,6762,-0.1417191977077364,0.7312096568227753,0.16287119693933322,13.336391437308869,9,32,8722,10688,513,442
sequence,MOT17-10,MOT17-10-FRCNN,FRCNN,Naive IoU,654,17450,12597,8408,0.21484240687679082,0.8378582382008662,0.31284321230072887,6.40519877675841,16,18,4189,9042,470,470
sequence,MOT17-10,MOT17-10-FRCNN,FRCNN,SORT,654,17450,12561,8955,0.2789684813753582,0.8290939113127285,0.3510046316350671,5.513761467889908,20,17,3606,8495,481,417
sequence,MOT17-10,MOT17-10-SDP,SDP,Naive IoU,654,17450,13119,9649,0.3194842406876791,0.7952291639821896,0.3284373057672806,5.3058103975535165,28,18,3470,7801,604,620
sequence,MOT17-10,MOT17-10-SDP,SDP,SORT,654,17450,12835,10308,0.41902578796561607,0.7958014730629169,0.38963183093940895,3.863914373088685,35,18,2527,7142,469,399
sequence,MOT17-11,MOT17-11-DPM,DPM,Naive IoU,900,10617,14338,5583,-0.3290948478854667,0.7806189280198815,0.2645562011620918,9.727777777777778,15,41,8755,5034,322,211
sequence,MOT17-11,MOT17-11-DPM,DPM,SORT,900,10617,14367,6108,-0.23123292832250164,0.7764621235191769,0.2662504002561639,9.176666666666666,20,36,8259,4509,304,121
sequence,MOT17-11,MOT17-11-FRCNN,FRCNN,Naive IoU,900,10617,6772,5727,0.43317321277196946,0.9083880203634908,0.47512795445396516,1.1611111111111112,18,39,1045,4890,83,77
sequence,MOT17-11,MOT17-11-FRCNN,FRCNN,SORT,900,10617,6752,5964,0.48139775831214093,0.9036588393463137,0.49237146640566526,0.8755555555555555,22,35,788,4653,65,55
sequence,MOT17-11,MOT17-11-SDP,SDP,Naive IoU,900,10617,8828,7231,0.5122916077988132,0.8477054120317311,0.5102597068655181,1.7744444444444445,35,20,1597,3386,195,280
sequence,MOT17-11,MOT17-11-SDP,SDP,SORT,900,10617,8753,7728,0.6165583498163323,0.849844006389234,0.5433144037170883,1.1388888888888888,46,17,1025,2889,157,124
sequence,MOT17-13,MOT17-13-DPM,DPM,Naive IoU,750,20202,12050,3282,-0.3022968022968023,0.7264245738213488,0.10318739923105544,11.690666666666667,10,131,8768,16920,621,521
sequence,MOT17-13,MOT17-13-DPM,DPM,SORT,750,20202,11457,4130,-0.1827046827046827,0.7157920883264907,0.14902555355507122,9.769333333333334,12,125,7327,16072,494,365
sequence,MOT17-13,MOT17-13-FRCNN,FRCNN,Naive IoU,750,20202,13004,6920,-0.003564003564003564,0.8282143394641761,0.225621875564657,8.112,37,97,6084,13282,908,509
sequence,MOT17-13,MOT17-13-FRCNN,FRCNN,SORT,750,20202,12605,7532,0.08395208395208395,0.8150107437789003,0.29731459749443717,6.764,43,89,5073,12670,763,445
sequence,MOT17-13,MOT17-13-SDP,SDP,Naive IoU,750,20202,11812,6984,0.06717156717156716,0.7899653894625677,0.27063159867557945,6.437333333333333,50,111,4828,13218,799,422
sequence,MOT17-13,MOT17-13-SDP,SDP,SORT,750,20202,10757,7468,0.18612018612018613,0.7916144029170985,0.34917148486708227,4.3853333333333335,50,103,3289,12734,419,298
aggregate,ALL,ALL,ALL,Naive IoU,15948,614103,307253,195672,0.12290609230047728,0.8264891339483091,0.2762602077807058,6.996551291698019,407,1161,111581,418431,8614,11102
aggregate,ALL,ALL,ALL,SORT,15948,614103,304789,212684,0.18451953499657223,0.8209928180550644,0.28917435346047193,5.775332330072737,501,1067,92105,401419,7265,6500
aggregate,ALL,ALL,DPM,Naive IoU,5316,204701,129251,51755,-0.14481121245133147,0.7545774275245533,0.16259821770793406,14.577878103837472,67,458,77496,152946,3902,4789
aggregate,ALL,ALL,DPM,SORT,5316,204701,128723,59752,-0.06179256574222891,0.7484017880201884,0.16202792840347424,12.974228743416102,95,408,68971,144949,3430,2594
aggregate,ALL,ALL,FRCNN,Naive IoU,5316,204701,78933,63877,0.2294615072715815,0.8787294253897856,0.32216871038027883,2.832204665161776,132,385,15056,140824,1850,1637
aggregate,ALL,ALL,FRCNN,SORT,5316,204701,78465,66865,0.26171831109764976,0.8708883428062241,0.34078950156445337,2.18209179834462,152,363,11600,137836,1691,1335
aggregate,ALL,ALL,SDP,Naive IoU,5316,204701,99069,80040,0.28406798208118184,0.8312971957868185,0.3583500674852685,3.579571106094808,208,318,19029,124661,2862,4676
aggregate,ALL,ALL,SDP,SORT,5316,204701,97601,86067,0.35363285963429586,0.8326255572484559,0.3810626459633082,2.1696764484574866,254,296,11534,118634,2144,2571
